dataset,autosklearn,tpot,autokeras,h2o,autogluon,best
344.csv,0.7424714465225161,0.6284416299742925,0.1816982465019076,0.33783360854111033,0.13783199641894078,autogluon
564.csv,2.623871820991645,2.1713783071333057,5.015603514057854,1.3204442451242964,1.2841212300686045,autogluon
