dataset,autosklearn,tpot,autokeras,h2o,autogluon,best
titanic,0.7761194029850746,0.7723880597014925,0.7276119589805603,0.7877094972067039,0.7761194029850746,h2o
