{
    "batch_size": 128,
    "best_eval_metric": 0.9320660829544067,
    "best_increase_batch_size_eval_metric": Infinity,
    "best_reduce_learning_rate_eval_metric": Infinity,
    "epoch": 5,
    "last_improvement": 2,
    "last_improvement_epoch": 3,
    "last_increase_batch_size": 0,
    "last_increase_batch_size_epoch": 0,
    "last_increase_batch_size_eval_metric_improvement": 0,
    "last_learning_rate_reduction": 0,
    "last_learning_rate_reduction_epoch": 0,
    "last_reduce_learning_rate_eval_metric_improvement": 0,
    "learning_rate": 0.001,
    "num_increases_batch_size": 0,
    "num_reductions_learning_rate": 0,
    "steps": 895,
    "test_metrics": {
        "binaryClass": {
            "edit_distance": [
                0.15065334737300873,
                0.0776325911283493,
                0.07271330058574677,
                0.07640276849269867,
                0.0702536478638649
            ],
            "last_accuracy": [
                0.8493466377258301,
                0.9223673939704895,
                0.927286684513092,
                0.9235972166061401,
                0.9297463297843933
            ],
            "loss": [
                0.3533695340156555,
                0.18003590404987335,
                0.16173237562179565,
                0.17692169547080994,
                0.15549185872077942
            ],
            "perplexity": [
                1.4238570928573608,
                1.1972603797912598,
                1.1755456924438477,
                1.193537712097168,
                1.1682324409484863
            ],
            "sequence_accuracy": [
                0.8493466377258301,
                0.9223673939704895,
                0.927286684513092,
                0.9235972166061401,
                0.9297463297843933
            ],
            "token_accuracy": [
                0.8493466377258301,
                0.9223673939704895,
                0.927286684513092,
                0.9235972166061401,
                0.9297463297843933
            ]
        },
        "combined": {
            "loss": [
                0.35465207695961,
                0.1729855090379715,
                0.1547543704509735,
                0.1658414900302887,
                0.14780761301517487
            ]
        }
    },
    "train_metrics": {
        "binaryClass": {
            "edit_distance": [
                0.1551528424024582,
                0.07113537192344666,
                0.0658951997756958,
                0.06764192134141922,
                0.06572052091360092
            ],
            "last_accuracy": [
                0.8448471426963806,
                0.9288646578788757,
                0.9341048002243042,
                0.9323580861091614,
                0.9342795014381409
            ],
            "loss": [
                0.3566100001335144,
                0.16931301355361938,
                0.15353156626224518,
                0.16073408722877502,
                0.14634691178798676
            ],
            "perplexity": [
                1.428478479385376,
                1.1844909191131592,
                1.1659445762634277,
                1.174372673034668,
                1.1575976610183716
            ],
            "sequence_accuracy": [
                0.8448471426963806,
                0.9288646578788757,
                0.9341048002243042,
                0.9323580861091614,
                0.9342795014381409
            ],
            "token_accuracy": [
                0.8448471426963806,
                0.9288646578788757,
                0.9341048002243042,
                0.9323580861091614,
                0.9342795014381409
            ]
        },
        "combined": {
            "loss": [
                0.35573089122772217,
                0.16839763522148132,
                0.15094833076000214,
                0.1597091257572174,
                0.1435176432132721
            ]
        }
    },
    "vali_metrics": {
        "binaryClass": {
            "edit_distance": [
                0.14428170025348663,
                0.07198504358530045,
                0.06793393939733505,
                0.07385478168725967,
                0.07291991263628006
            ],
            "last_accuracy": [
                0.8557183146476746,
                0.9280149340629578,
                0.9320660829544067,
                0.9261451959609985,
                0.9270800948143005
            ],
            "loss": [
                0.3493768572807312,
                0.17569676041603088,
                0.15766490995883942,
                0.1684851050376892,
                0.15530386567115784
            ],
            "perplexity": [
                1.41818368434906,
                1.192076563835144,
                1.1707737445831299,
                1.183510661125183,
                1.1680128574371338
            ],
            "sequence_accuracy": [
                0.8557183146476746,
                0.9280149340629578,
                0.9320660829544067,
                0.9261451959609985,
                0.9270800948143005
            ],
            "token_accuracy": [
                0.8557183146476746,
                0.9280149340629578,
                0.9320660829544067,
                0.9261451959609985,
                0.9270800948143005
            ]
        },
        "combined": {
            "loss": [
                0.34795692563056946,
                0.1737585812807083,
                0.1586490273475647,
                0.17147113382816315,
                0.15596620738506317
            ]
        }
    }
}