dataset,autosklearn,tpot,autokeras,h2o,autogluon,best
344.csv,10.358450359855384,0.6284416299742925,0.16661697754645693,0.46514930925479875,0.029852592181274777,autogluon
