{
    "test": {
        "binaryClass": {
            "edit_distance": [
                0.15065334737300873,
                0.0776325911283493,
                0.07271330058574677,
                0.07640276849269867,
                0.0702536478638649,
                0.07302075624465942,
                0.07179093360900879,
                0.0702536478638649
            ],
            "last_accuracy": [
                0.8493466377258301,
                0.9223673939704895,
                0.927286684513092,
                0.9235972166061401,
                0.9297463297843933,
                0.9269792437553406,
                0.9282090663909912,
                0.9297463297843933
            ],
            "loss": [
                0.3533695340156555,
                0.18003590404987335,
                0.16173237562179565,
                0.17692169547080994,
                0.15549185872077942,
                0.15794825553894043,
                0.15689517557621002,
                0.155121847987175
            ],
            "perplexity": [
                1.4238570928573608,
                1.1972603797912598,
                1.1755456924438477,
                1.193537712097168,
                1.1682324409484863,
                1.1711056232452393,
                1.1698728799819946,
                1.1678001880645752
            ],
            "sequence_accuracy": [
                0.8493466377258301,
                0.9223673939704895,
                0.927286684513092,
                0.9235972166061401,
                0.9297463297843933,
                0.9269792437553406,
                0.9282090663909912,
                0.9297463297843933
            ],
            "token_accuracy": [
                0.8493466377258301,
                0.9223673939704895,
                0.927286684513092,
                0.9235972166061401,
                0.9297463297843933,
                0.9269792437553406,
                0.9282090663909912,
                0.9297463297843933
            ]
        },
        "combined": {
            "loss": [
                0.35465207695961,
                0.1729855090379715,
                0.1547543704509735,
                0.1658414900302887,
                0.14780761301517487,
                0.15033207833766937,
                0.148171067237854,
                0.14746111631393433
            ]
        }
    },
    "training": {
        "binaryClass": {
            "edit_distance": [
                0.1551528424024582,
                0.07113537192344666,
                0.0658951997756958,
                0.06764192134141922,
                0.06572052091360092,
                0.06541484594345093,
                0.06733624637126923,
                0.06624454259872437
            ],
            "last_accuracy": [
                0.8448471426963806,
                0.9288646578788757,
                0.9341048002243042,
                0.9323580861091614,
                0.9342795014381409,
                0.9345851540565491,
                0.9326637387275696,
                0.9337554574012756
            ],
            "loss": [
                0.3566100001335144,
                0.16931301355361938,
                0.15353156626224518,
                0.16073408722877502,
                0.14634691178798676,
                0.14980770647525787,
                0.14725066721439362,
                0.14601881802082062
            ],
            "perplexity": [
                1.428478479385376,
                1.1844909191131592,
                1.1659445762634277,
                1.174372673034668,
                1.1575976610183716,
                1.1616109609603882,
                1.1586445569992065,
                1.1572179794311523
            ],
            "sequence_accuracy": [
                0.8448471426963806,
                0.9288646578788757,
                0.9341048002243042,
                0.9323580861091614,
                0.9342795014381409,
                0.9345851540565491,
                0.9326637387275696,
                0.9337554574012756
            ],
            "token_accuracy": [
                0.8448471426963806,
                0.9288646578788757,
                0.9341048002243042,
                0.9323580861091614,
                0.9342795014381409,
                0.9345851540565491,
                0.9326637387275696,
                0.9337554574012756
            ]
        },
        "combined": {
            "loss": [
                0.35573089122772217,
                0.16839763522148132,
                0.15094833076000214,
                0.1597091257572174,
                0.1435176432132721,
                0.14732329547405243,
                0.14461441338062286,
                0.1428920030593872
            ]
        }
    },
    "validation": {
        "binaryClass": {
            "edit_distance": [
                0.14428170025348663,
                0.07198504358530045,
                0.06793393939733505,
                0.07385478168725967,
                0.07291991263628006,
                0.06886880844831467,
                0.0707385465502739,
                0.069180428981781
            ],
            "last_accuracy": [
                0.8557183146476746,
                0.9280149340629578,
                0.9320660829544067,
                0.9261451959609985,
                0.9270800948143005,
                0.9311311841011047,
                0.9292614459991455,
                0.930819571018219
            ],
            "loss": [
                0.3493768572807312,
                0.17569676041603088,
                0.15766490995883942,
                0.1684851050376892,
                0.15530386567115784,
                0.15558379888534546,
                0.15486429631710052,
                0.15375202894210815
            ],
            "perplexity": [
                1.41818368434906,
                1.192076563835144,
                1.1707737445831299,
                1.183510661125183,
                1.1680128574371338,
                1.1683399677276611,
                1.1674995422363281,
                1.1662017107009888
            ],
            "sequence_accuracy": [
                0.8557183146476746,
                0.9280149340629578,
                0.9320660829544067,
                0.9261451959609985,
                0.9270800948143005,
                0.9311311841011047,
                0.9292614459991455,
                0.930819571018219
            ],
            "token_accuracy": [
                0.8557183146476746,
                0.9280149340629578,
                0.9320660829544067,
                0.9261451959609985,
                0.9270800948143005,
                0.9311311841011047,
                0.9292614459991455,
                0.930819571018219
            ]
        },
        "combined": {
            "loss": [
                0.34795692563056946,
                0.1737585812807083,
                0.1586490273475647,
                0.17147113382816315,
                0.15596620738506317,
                0.15626519918441772,
                0.15893855690956116,
                0.15477393567562103
            ]
        }
    }
}