dataset,autosklearn,tpot,autokeras,h2o,autogluon,best
344.csv,0.23893082108,0.6284416299742925,0.21589120071786047,0.52423123252,0.185638914,h2o
564.csv,0.777223257733,2.064652738797307,5.013778013704149,3.131534613,0.87273467178,h2o
