dataset,autosklearn,tpot,autokeras,h2o,autogluon,best
344.csv,11306.23893082108,0.6284416299742925,0.21589120071786047,0.0,0.0,h2o
564.csv,4306.777223257733,2.064652738797307,5.013778013704149,0.0,0.0,h2o
