dataset,autosklearn,tpot,autokeras,h2o,autogluon,best
344.csv,0.7424714465225161,0.6284416299742925,0.2375461542933689,0.6705043564538578,0.13783199641894078,autogluon
