dataset,autosklearn,tpot,autokeras,h2o,autogluon,best
344.csv,0.7167859830977801,0.6284416299742925,0.15920424710708608,0.4008810334895669,0.13783199641894078,autogluon
