dataset,autosklearn,tpot,autokeras,h2o,autogluon,best
727.csv,0.5033930177418036,0.9310767721363747,0.9278881549835205,0.9266617610988472,0.9300956585724798,tpot
881.csv,0.9995912026817104,0.9974654566266046,0.9948491454124451,0.9941133186166299,0.9978742539448942,autosklearn
