dataset,autosklearn,tpot,autokeras,h2o,autogluon,best
344.csv,10.358450359855384,0.6284416299742925,0.16061779135918902,0.3253567730959595,0.029852592181274777,autogluon
564.csv,4.970780411885045,2.1713783071333057,5.00417096690751,1.287801689068404,1.2841212300686045,autogluon
215.csv,4.408066805998331,1.0040371031090298,1.0378271804961259,1.0116419595473405,1.1247708190099404,tpot
